{
    "confusion_matrix": [
        [
            463,
            19,
            0,
            4
        ],
        [
            9,
            476,
            3,
            5
        ],
        [
            0,
            0,
            600,
            0
        ],
        [
            0,
            8,
            2,
            517
        ]
    ],
    "normalized_confusion_matrix": [
        [
            0.9526748971193416,
            0.03909465020576132,
            0.0,
            0.00823045267489712
        ],
        [
            0.018255578093306288,
            0.9655172413793104,
            0.006085192697768763,
            0.010141987829614604
        ],
        [
            0.0,
            0.0,
            1.0,
            0.0
        ],
        [
            0.0,
            0.015180265654648957,
            0.003795066413662239,
            0.9810246679316889
        ]
    ]
}