{
    "loss": 0.07855752110481262,
    "accuracy": 0.9762583374977112,
    "precision": 0.9754698855036628,
    "recall": 0.9748042016075852
}